product_name,product_link,recommended_product
"HP 15.6"" HD Laptop Intel Processor N200","https://www.google.com/search?ibp=oshop&q=laptop&prds=catalogid:8178283564976582269,productid:10510614495412256266,headlineOfferDocid:12225726134062494183,imageDocid:11516057731112914552,rds:PC_916932790568353646|PROD_PC_916932790568353646,gpcid:916932790568353646,mid:576462870052114137,pvt:hg&hl=en&gl=us&udm=28",Choose what you’re giving feedback on
"HP 15.6"" HD Laptop Intel Processor N200","https://www.google.com/search?ibp=oshop&q=laptop&prds=catalogid:8178283564976582269,productid:10510614495412256266,headlineOfferDocid:12225726134062494183,imageDocid:11516057731112914552,rds:PC_916932790568353646|PROD_PC_916932790568353646,gpcid:916932790568353646,mid:576462870052114137,pvt:hg&hl=en&gl=us&udm=28",Choose what you’re giving feedback on
"HP 15.6"" HD Laptop Intel Processor N200","https://www.google.com/search?ibp=oshop&q=laptop&prds=catalogid:8178283564976582269,productid:10510614495412256266,headlineOfferDocid:12225726134062494183,imageDocid:11516057731112914552,rds:PC_916932790568353646|PROD_PC_916932790568353646,gpcid:916932790568353646,mid:576462870052114137,pvt:hg&hl=en&gl=us&udm=28",Or give general feedback
"HP 15.6"" HD Laptop Intel Processor N200","https://www.google.com/search?ibp=oshop&q=laptop&prds=catalogid:8178283564976582269,productid:10510614495412256266,headlineOfferDocid:12225726134062494183,imageDocid:11516057731112914552,rds:PC_916932790568353646|PROD_PC_916932790568353646,gpcid:916932790568353646,mid:576462870052114137,pvt:hg&hl=en&gl=us&udm=28","HP 15.6"" HD Laptop Intel Processor N200"
"HP 15.6"" HD Laptop Intel Processor N200","https://www.google.com/search?ibp=oshop&q=laptop&prds=catalogid:8178283564976582269,productid:10510614495412256266,headlineOfferDocid:12225726134062494183,imageDocid:11516057731112914552,rds:PC_916932790568353646|PROD_PC_916932790568353646,gpcid:916932790568353646,mid:576462870052114137,pvt:hg&hl=en&gl=us&udm=28",Hp 14 inch HD Student Laptop Intel N150
"HP 15.6"" HD Laptop Intel Processor N200","https://www.google.com/search?ibp=oshop&q=laptop&prds=catalogid:8178283564976582269,productid:10510614495412256266,headlineOfferDocid:12225726134062494183,imageDocid:11516057731112914552,rds:PC_916932790568353646|PROD_PC_916932790568353646,gpcid:916932790568353646,mid:576462870052114137,pvt:hg&hl=en&gl=us&udm=28","HP 15.6"" Laptop"
"HP 15.6"" HD Laptop Intel Processor N200","https://www.google.com/search?ibp=oshop&q=laptop&prds=catalogid:8178283564976582269,productid:10510614495412256266,headlineOfferDocid:12225726134062494183,imageDocid:11516057731112914552,rds:PC_916932790568353646|PROD_PC_916932790568353646,gpcid:916932790568353646,mid:576462870052114137,pvt:hg&hl=en&gl=us&udm=28",Hp 14 inch Laptop Intel Processor N150
"HP 15.6"" HD Laptop Intel Processor N200","https://www.google.com/search?ibp=oshop&q=laptop&prds=catalogid:8178283564976582269,productid:10510614495412256266,headlineOfferDocid:12225726134062494183,imageDocid:11516057731112914552,rds:PC_916932790568353646|PROD_PC_916932790568353646,gpcid:916932790568353646,mid:576462870052114137,pvt:hg&hl=en&gl=us&udm=28","HP 14"" Thin & Light Laptop"
"HP 15.6"" HD Laptop Intel Processor N200","https://www.google.com/search?ibp=oshop&q=laptop&prds=catalogid:8178283564976582269,productid:10510614495412256266,headlineOfferDocid:12225726134062494183,imageDocid:11516057731112914552,rds:PC_916932790568353646|PROD_PC_916932790568353646,gpcid:916932790568353646,mid:576462870052114137,pvt:hg&hl=en&gl=us&udm=28","HP Celeron N100 512GB SSD 8GB 15.6"" Win11 Keyboard"
"HP 15.6"" HD Laptop Intel Processor N200","https://www.google.com/search?ibp=oshop&q=laptop&prds=catalogid:8178283564976582269,productid:10510614495412256266,headlineOfferDocid:12225726134062494183,imageDocid:11516057731112914552,rds:PC_916932790568353646|PROD_PC_916932790568353646,gpcid:916932790568353646,mid:576462870052114137,pvt:hg&hl=en&gl=us&udm=28","HP 14"" Intel N150 Laptop"
"HP 15.6"" HD Laptop Intel Processor N200","https://www.google.com/search?ibp=oshop&q=laptop&prds=catalogid:8178283564976582269,productid:10510614495412256266,headlineOfferDocid:12225726134062494183,imageDocid:11516057731112914552,rds:PC_916932790568353646|PROD_PC_916932790568353646,gpcid:916932790568353646,mid:576462870052114137,pvt:hg&hl=en&gl=us&udm=28","HP Essential 14"" HD Laptop"
"HP 15.6"" HD Laptop Intel Processor N200","https://www.google.com/search?ibp=oshop&q=laptop&prds=catalogid:8178283564976582269,productid:10510614495412256266,headlineOfferDocid:12225726134062494183,imageDocid:11516057731112914552,rds:PC_916932790568353646|PROD_PC_916932790568353646,gpcid:916932790568353646,mid:576462870052114137,pvt:hg&hl=en&gl=us&udm=28","HP 15.6"" Notebook Computer Intel Core i3-1115G4"
"HP 15.6"" HD Laptop Intel Processor N200","https://www.google.com/search?ibp=oshop&q=laptop&prds=catalogid:8178283564976582269,productid:10510614495412256266,headlineOfferDocid:12225726134062494183,imageDocid:11516057731112914552,rds:PC_916932790568353646|PROD_PC_916932790568353646,gpcid:916932790568353646,mid:576462870052114137,pvt:hg&hl=en&gl=us&udm=28","HP 15.6"" Core i3-N305 Laptop"
"HP 15.6"" HD Laptop Intel Processor N200","https://www.google.com/search?ibp=oshop&q=laptop&prds=catalogid:8178283564976582269,productid:10510614495412256266,headlineOfferDocid:12225726134062494183,imageDocid:11516057731112914552,rds:PC_916932790568353646|PROD_PC_916932790568353646,gpcid:916932790568353646,mid:576462870052114137,pvt:hg&hl=en&gl=us&udm=28","Gateway 17.3"" FHD Windows 11 Laptop"
"HP 15.6"" HD Laptop Intel Processor N200","https://www.google.com/search?ibp=oshop&q=laptop&prds=catalogid:8178283564976582269,productid:10510614495412256266,headlineOfferDocid:12225726134062494183,imageDocid:11516057731112914552,rds:PC_916932790568353646|PROD_PC_916932790568353646,gpcid:916932790568353646,mid:576462870052114137,pvt:hg&hl=en&gl=us&udm=28","NEW HP 14"" Laptop, Intel N150 3.6GHz Turbo (4GB RAM, 128GB SSD) Windows 11 + Microsoft Office 365 1yr FREE Natural Silver"
"HP 15.6"" HD Laptop Intel Processor N200","https://www.google.com/search?ibp=oshop&q=laptop&prds=catalogid:8178283564976582269,productid:10510614495412256266,headlineOfferDocid:12225726134062494183,imageDocid:11516057731112914552,rds:PC_916932790568353646|PROD_PC_916932790568353646,gpcid:916932790568353646,mid:576462870052114137,pvt:hg&hl=en&gl=us&udm=28","Hp 14-cf2033 Pentium Silver N5030 128gb SSD 4gb 14"" 1366x768 Win10 S Natural"
"HP 15.6"" HD Laptop Intel Processor N200","https://www.google.com/search?ibp=oshop&q=laptop&prds=catalogid:8178283564976582269,productid:10510614495412256266,headlineOfferDocid:12225726134062494183,imageDocid:11516057731112914552,rds:PC_916932790568353646|PROD_PC_916932790568353646,gpcid:916932790568353646,mid:576462870052114137,pvt:hg&hl=en&gl=us&udm=28","HP - 15.6"" HD Laptop,Intel Pentium Silver N5030,8GB RAM,256GB SSD,Intel UHD Graphics,Win 11+32GB Hotface USB Card - Black"
"HP 15.6"" HD Laptop Intel Processor N200","https://www.google.com/search?ibp=oshop&q=laptop&prds=catalogid:8178283564976582269,productid:10510614495412256266,headlineOfferDocid:12225726134062494183,imageDocid:11516057731112914552,rds:PC_916932790568353646|PROD_PC_916932790568353646,gpcid:916932790568353646,mid:576462870052114137,pvt:hg&hl=en&gl=us&udm=28","HP 14"" FHD BrightView Laptop"
"HP 15.6"" HD Laptop Intel Processor N200","https://www.google.com/search?ibp=oshop&q=laptop&prds=catalogid:8178283564976582269,productid:10510614495412256266,headlineOfferDocid:12225726134062494183,imageDocid:11516057731112914552,rds:PC_916932790568353646|PROD_PC_916932790568353646,gpcid:916932790568353646,mid:576462870052114137,pvt:hg&hl=en&gl=us&udm=28","HP 15.6"" HD i5-1135G7 Laptop"
"HP 15.6"" HD Laptop Intel Processor N200","https://www.google.com/search?ibp=oshop&q=laptop&prds=catalogid:8178283564976582269,productid:10510614495412256266,headlineOfferDocid:12225726134062494183,imageDocid:11516057731112914552,rds:PC_916932790568353646|PROD_PC_916932790568353646,gpcid:916932790568353646,mid:576462870052114137,pvt:hg&hl=en&gl=us&udm=28","HP 14"" Laptop PC with Intel Processor N200"
"HP 15.6"" HD Laptop Intel Processor N200","https://www.google.com/search?ibp=oshop&q=laptop&prds=catalogid:8178283564976582269,productid:10510614495412256266,headlineOfferDocid:12225726134062494183,imageDocid:11516057731112914552,rds:PC_916932790568353646|PROD_PC_916932790568353646,gpcid:916932790568353646,mid:576462870052114137,pvt:hg&hl=en&gl=us&udm=28","HP 14"" Thin & Light Laptop"
"HP 15.6"" HD Laptop Intel Processor N200","https://www.google.com/search?ibp=oshop&q=laptop&prds=catalogid:8178283564976582269,productid:10510614495412256266,headlineOfferDocid:12225726134062494183,imageDocid:11516057731112914552,rds:PC_916932790568353646|PROD_PC_916932790568353646,gpcid:916932790568353646,mid:576462870052114137,pvt:hg&hl=en&gl=us&udm=28","HP 14"" Intel N150 Laptop"
"HP 15.6"" HD Laptop Intel Processor N200","https://www.google.com/search?ibp=oshop&q=laptop&prds=catalogid:8178283564976582269,productid:10510614495412256266,headlineOfferDocid:12225726134062494183,imageDocid:11516057731112914552,rds:PC_916932790568353646|PROD_PC_916932790568353646,gpcid:916932790568353646,mid:576462870052114137,pvt:hg&hl=en&gl=us&udm=28",Hp 14 inch EliteBook 8470p Laptop Intel Core Windows 10
"HP 15.6"" HD Laptop Intel Processor N200","https://www.google.com/search?ibp=oshop&q=laptop&prds=catalogid:8178283564976582269,productid:10510614495412256266,headlineOfferDocid:12225726134062494183,imageDocid:11516057731112914552,rds:PC_916932790568353646|PROD_PC_916932790568353646,gpcid:916932790568353646,mid:576462870052114137,pvt:hg&hl=en&gl=us&udm=28","HP 14"" CF4S5PA N150 4/128GB Laptop"
"HP 15.6"" HD Laptop Intel Processor N200","https://www.google.com/search?ibp=oshop&q=laptop&prds=catalogid:8178283564976582269,productid:10510614495412256266,headlineOfferDocid:12225726134062494183,imageDocid:11516057731112914552,rds:PC_916932790568353646|PROD_PC_916932790568353646,gpcid:916932790568353646,mid:576462870052114137,pvt:hg&hl=en&gl=us&udm=28","HP 15.6"" Full HD Laptop"
"HP 15.6"" HD Laptop Intel Processor N200","https://www.google.com/search?ibp=oshop&q=laptop&prds=catalogid:8178283564976582269,productid:10510614495412256266,headlineOfferDocid:12225726134062494183,imageDocid:11516057731112914552,rds:PC_916932790568353646|PROD_PC_916932790568353646,gpcid:916932790568353646,mid:576462870052114137,pvt:hg&hl=en&gl=us&udm=28",HP Chromebook 14 inch HD Anti-Glare Laptop
"HP 15.6"" HD Laptop Intel Processor N200","https://www.google.com/search?ibp=oshop&q=laptop&prds=catalogid:8178283564976582269,productid:10510614495412256266,headlineOfferDocid:12225726134062494183,imageDocid:11516057731112914552,rds:PC_916932790568353646|PROD_PC_916932790568353646,gpcid:916932790568353646,mid:576462870052114137,pvt:hg&hl=en&gl=us&udm=28","HP 14"" Intel Celeron N4020 Laptop"
"HP 15.6"" HD Laptop Intel Processor N200","https://www.google.com/search?ibp=oshop&q=laptop&prds=catalogid:8178283564976582269,productid:10510614495412256266,headlineOfferDocid:12225726134062494183,imageDocid:11516057731112914552,rds:PC_916932790568353646|PROD_PC_916932790568353646,gpcid:916932790568353646,mid:576462870052114137,pvt:hg&hl=en&gl=us&udm=28","HP 14"" Intel N150 Laptop"
"HP 15.6"" HD Laptop Intel Processor N200","https://www.google.com/search?ibp=oshop&q=laptop&prds=catalogid:8178283564976582269,productid:10510614495412256266,headlineOfferDocid:12225726134062494183,imageDocid:11516057731112914552,rds:PC_916932790568353646|PROD_PC_916932790568353646,gpcid:916932790568353646,mid:576462870052114137,pvt:hg&hl=en&gl=us&udm=28","HP 14"" HD Laptop"
"HP 15.6"" HD Laptop Intel Processor N200","https://www.google.com/search?ibp=oshop&q=laptop&prds=catalogid:8178283564976582269,productid:10510614495412256266,headlineOfferDocid:12225726134062494183,imageDocid:11516057731112914552,rds:PC_916932790568353646|PROD_PC_916932790568353646,gpcid:916932790568353646,mid:576462870052114137,pvt:hg&hl=en&gl=us&udm=28",HP Chromebook 15.6 inch Ultra Light Business Laptop
"HP 15.6"" HD Laptop Intel Processor N200","https://www.google.com/search?ibp=oshop&q=laptop&prds=catalogid:8178283564976582269,productid:10510614495412256266,headlineOfferDocid:12225726134062494183,imageDocid:11516057731112914552,rds:PC_916932790568353646|PROD_PC_916932790568353646,gpcid:916932790568353646,mid:576462870052114137,pvt:hg&hl=en&gl=us&udm=28","HP Essential 14"" HD Laptop"
"HP 15.6"" HD Laptop Intel Processor N200","https://www.google.com/search?ibp=oshop&q=laptop&prds=catalogid:8178283564976582269,productid:10510614495412256266,headlineOfferDocid:12225726134062494183,imageDocid:11516057731112914552,rds:PC_916932790568353646|PROD_PC_916932790568353646,gpcid:916932790568353646,mid:576462870052114137,pvt:hg&hl=en&gl=us&udm=28","HP 15-dw1037ne N4020 Notebook 39,6 cm (15.6"") HD Intel Celeron 4 GB DDR4-SDRAM 1000 GB HDD Wi-Fi 5 (802.11ac) FreeDOS Black"
"HP 15.6"" HD Laptop Intel Processor N200","https://www.google.com/search?ibp=oshop&q=laptop&prds=catalogid:8178283564976582269,productid:10510614495412256266,headlineOfferDocid:12225726134062494183,imageDocid:11516057731112914552,rds:PC_916932790568353646|PROD_PC_916932790568353646,gpcid:916932790568353646,mid:576462870052114137,pvt:hg&hl=en&gl=us&udm=28","HP 14"" Intel Celeron N4020 Laptop"
"HP 15.6"" HD Laptop Intel Processor N200","https://www.google.com/search?ibp=oshop&q=laptop&prds=catalogid:8178283564976582269,productid:10510614495412256266,headlineOfferDocid:12225726134062494183,imageDocid:11516057731112914552,rds:PC_916932790568353646|PROD_PC_916932790568353646,gpcid:916932790568353646,mid:576462870052114137,pvt:hg&hl=en&gl=us&udm=28","HP 14"" HD Windows Laptop"
"HP 15.6"" HD Laptop Intel Processor N200","https://www.google.com/search?ibp=oshop&q=laptop&prds=catalogid:8178283564976582269,productid:10510614495412256266,headlineOfferDocid:12225726134062494183,imageDocid:11516057731112914552,rds:PC_916932790568353646|PROD_PC_916932790568353646,gpcid:916932790568353646,mid:576462870052114137,pvt:hg&hl=en&gl=us&udm=28",Dell Latitude 7400 14 inch Laptop Intel Core
"HP 15.6"" HD Laptop Intel Processor N200","https://www.google.com/search?ibp=oshop&q=laptop&prds=catalogid:8178283564976582269,productid:10510614495412256266,headlineOfferDocid:12225726134062494183,imageDocid:11516057731112914552,rds:PC_916932790568353646|PROD_PC_916932790568353646,gpcid:916932790568353646,mid:576462870052114137,pvt:hg&hl=en&gl=us&udm=28",HP Laptop 15-fc0157nr
"HP 15.6"" HD Laptop Intel Processor N200","https://www.google.com/search?ibp=oshop&q=laptop&prds=catalogid:8178283564976582269,productid:10510614495412256266,headlineOfferDocid:12225726134062494183,imageDocid:11516057731112914552,rds:PC_916932790568353646|PROD_PC_916932790568353646,gpcid:916932790568353646,mid:576462870052114137,pvt:hg&hl=en&gl=us&udm=28",Price history
"Lenovo Chromebook Duet 11M889 10.95"" MediaTek Kompanio 838","https://www.google.com/search?ibp=oshop&q=laptop&prds=catalogid:10974951334476357302,productid:18310503150386811887,headlineOfferDocid:644885957572710609,imageDocid:9337070038613666373,rds:PC_16081059516361014620|PROD_PC_16081059516361014620,gpcid:16081059516361014620,mid:576462820342616014,pvt:hg&hl=en&gl=us&udm=28",Choose what you’re giving feedback on
"Lenovo Chromebook Duet 11M889 10.95"" MediaTek Kompanio 838","https://www.google.com/search?ibp=oshop&q=laptop&prds=catalogid:10974951334476357302,productid:18310503150386811887,headlineOfferDocid:644885957572710609,imageDocid:9337070038613666373,rds:PC_16081059516361014620|PROD_PC_16081059516361014620,gpcid:16081059516361014620,mid:576462820342616014,pvt:hg&hl=en&gl=us&udm=28",Choose what you’re giving feedback on
"Lenovo Chromebook Duet 11M889 10.95"" MediaTek Kompanio 838","https://www.google.com/search?ibp=oshop&q=laptop&prds=catalogid:10974951334476357302,productid:18310503150386811887,headlineOfferDocid:644885957572710609,imageDocid:9337070038613666373,rds:PC_16081059516361014620|PROD_PC_16081059516361014620,gpcid:16081059516361014620,mid:576462820342616014,pvt:hg&hl=en&gl=us&udm=28",Or give general feedback
"Lenovo Chromebook Duet 11M889 10.95"" MediaTek Kompanio 838","https://www.google.com/search?ibp=oshop&q=laptop&prds=catalogid:10974951334476357302,productid:18310503150386811887,headlineOfferDocid:644885957572710609,imageDocid:9337070038613666373,rds:PC_16081059516361014620|PROD_PC_16081059516361014620,gpcid:16081059516361014620,mid:576462820342616014,pvt:hg&hl=en&gl=us&udm=28","Lenovo Chromebook Duet 11M889 10.95"" MediaTek Kompanio 838"
"Lenovo Chromebook Duet 11M889 10.95"" MediaTek Kompanio 838","https://www.google.com/search?ibp=oshop&q=laptop&prds=catalogid:10974951334476357302,productid:18310503150386811887,headlineOfferDocid:644885957572710609,imageDocid:9337070038613666373,rds:PC_16081059516361014620|PROD_PC_16081059516361014620,gpcid:16081059516361014620,mid:576462820342616014,pvt:hg&hl=en&gl=us&udm=28","Lenovo Chromebook Duet - 10.1 inch - 64gb - With Keyboard, Gray"
"Lenovo Chromebook Duet 11M889 10.95"" MediaTek Kompanio 838","https://www.google.com/search?ibp=oshop&q=laptop&prds=catalogid:10974951334476357302,productid:18310503150386811887,headlineOfferDocid:644885957572710609,imageDocid:9337070038613666373,rds:PC_16081059516361014620|PROD_PC_16081059516361014620,gpcid:16081059516361014620,mid:576462820342616014,pvt:hg&hl=en&gl=us&udm=28","Lenovo - IdeaPad 3i 12.2"" 2K Touchscreen 2-in-1 Chromebook,Intel N100,4GB RAM,64GB eMMC+160GB Dock Set,Chrome OS - Blue"
"Lenovo Chromebook Duet 11M889 10.95"" MediaTek Kompanio 838","https://www.google.com/search?ibp=oshop&q=laptop&prds=catalogid:10974951334476357302,productid:18310503150386811887,headlineOfferDocid:644885957572710609,imageDocid:9337070038613666373,rds:PC_16081059516361014620|PROD_PC_16081059516361014620,gpcid:16081059516361014620,mid:576462820342616014,pvt:hg&hl=en&gl=us&udm=28",Dell 11 Chromebook
"Lenovo Chromebook Duet 11M889 10.95"" MediaTek Kompanio 838","https://www.google.com/search?ibp=oshop&q=laptop&prds=catalogid:10974951334476357302,productid:18310503150386811887,headlineOfferDocid:644885957572710609,imageDocid:9337070038613666373,rds:PC_16081059516361014620|PROD_PC_16081059516361014620,gpcid:16081059516361014620,mid:576462820342616014,pvt:hg&hl=en&gl=us&udm=28",Lenovo Duet 5 Chromebook
"Lenovo Chromebook Duet 11M889 10.95"" MediaTek Kompanio 838","https://www.google.com/search?ibp=oshop&q=laptop&prds=catalogid:10974951334476357302,productid:18310503150386811887,headlineOfferDocid:644885957572710609,imageDocid:9337070038613666373,rds:PC_16081059516361014620|PROD_PC_16081059516361014620,gpcid:16081059516361014620,mid:576462820342616014,pvt:hg&hl=en&gl=us&udm=28",Lenovo 500e Yoga Chromebook Gen 4 82w
"Lenovo Chromebook Duet 11M889 10.95"" MediaTek Kompanio 838","https://www.google.com/search?ibp=oshop&q=laptop&prds=catalogid:10974951334476357302,productid:18310503150386811887,headlineOfferDocid:644885957572710609,imageDocid:9337070038613666373,rds:PC_16081059516361014620|PROD_PC_16081059516361014620,gpcid:16081059516361014620,mid:576462820342616014,pvt:hg&hl=en&gl=us&udm=28",Lenovo Chromebook C340 11.6 inch Touchscreen Intel Celeron N4000 4GB
"Lenovo Chromebook Duet 11M889 10.95"" MediaTek Kompanio 838","https://www.google.com/search?ibp=oshop&q=laptop&prds=catalogid:10974951334476357302,productid:18310503150386811887,headlineOfferDocid:644885957572710609,imageDocid:9337070038613666373,rds:PC_16081059516361014620|PROD_PC_16081059516361014620,gpcid:16081059516361014620,mid:576462820342616014,pvt:hg&hl=en&gl=us&udm=28","Lenovo - IdeaPad 14"" WUXGA Touch 2-in-1 Chromebook,Intel i3-1315U,8GB,128GB EMMC+160GB Dock Set,Chrome OS - Storm Grey"
"Lenovo Chromebook Duet 11M889 10.95"" MediaTek Kompanio 838","https://www.google.com/search?ibp=oshop&q=laptop&prds=catalogid:10974951334476357302,productid:18310503150386811887,headlineOfferDocid:644885957572710609,imageDocid:9337070038613666373,rds:PC_16081059516361014620|PROD_PC_16081059516361014620,gpcid:16081059516361014620,mid:576462820342616014,pvt:hg&hl=en&gl=us&udm=28",83ta Lenovo Chromebook 500e 2-in-1 Gen 5 M89
"Lenovo Chromebook Duet 11M889 10.95"" MediaTek Kompanio 838","https://www.google.com/search?ibp=oshop&q=laptop&prds=catalogid:10974951334476357302,productid:18310503150386811887,headlineOfferDocid:644885957572710609,imageDocid:9337070038613666373,rds:PC_16081059516361014620|PROD_PC_16081059516361014620,gpcid:16081059516361014620,mid:576462820342616014,pvt:hg&hl=en&gl=us&udm=28",Lenovo 500e Chromebook Gen 3 2 in 1 82jb
"Lenovo Chromebook Duet 11M889 10.95"" MediaTek Kompanio 838","https://www.google.com/search?ibp=oshop&q=laptop&prds=catalogid:10974951334476357302,productid:18310503150386811887,headlineOfferDocid:644885957572710609,imageDocid:9337070038613666373,rds:PC_16081059516361014620|PROD_PC_16081059516361014620,gpcid:16081059516361014620,mid:576462820342616014,pvt:hg&hl=en&gl=us&udm=28",TS Chromebook Duet G2 MTK838
"Lenovo Chromebook Duet 11M889 10.95"" MediaTek Kompanio 838","https://www.google.com/search?ibp=oshop&q=laptop&prds=catalogid:10974951334476357302,productid:18310503150386811887,headlineOfferDocid:644885957572710609,imageDocid:9337070038613666373,rds:PC_16081059516361014620|PROD_PC_16081059516361014620,gpcid:16081059516361014620,mid:576462820342616014,pvt:hg&hl=en&gl=us&udm=28",Lenovo Chromebook
"Lenovo Chromebook Duet 11M889 10.95"" MediaTek Kompanio 838","https://www.google.com/search?ibp=oshop&q=laptop&prds=catalogid:10974951334476357302,productid:18310503150386811887,headlineOfferDocid:644885957572710609,imageDocid:9337070038613666373,rds:PC_16081059516361014620|PROD_PC_16081059516361014620,gpcid:16081059516361014620,mid:576462820342616014,pvt:hg&hl=en&gl=us&udm=28","Lenovo 11.6"" 500e Chromebook"
"Lenovo Chromebook Duet 11M889 10.95"" MediaTek Kompanio 838","https://www.google.com/search?ibp=oshop&q=laptop&prds=catalogid:10974951334476357302,productid:18310503150386811887,headlineOfferDocid:644885957572710609,imageDocid:9337070038613666373,rds:PC_16081059516361014620|PROD_PC_16081059516361014620,gpcid:16081059516361014620,mid:576462820342616014,pvt:hg&hl=en&gl=us&udm=28","Lenovo IdeaPad 3 CB 11AST5 11.6"" A6-9220c 4GB"
"Lenovo Chromebook Duet 11M889 10.95"" MediaTek Kompanio 838","https://www.google.com/search?ibp=oshop&q=laptop&prds=catalogid:10974951334476357302,productid:18310503150386811887,headlineOfferDocid:644885957572710609,imageDocid:9337070038613666373,rds:PC_16081059516361014620|PROD_PC_16081059516361014620,gpcid:16081059516361014620,mid:576462820342616014,pvt:hg&hl=en&gl=us&udm=28","Lenovo 500e Chromebook Gen 4s 83L40000US 11.6"" Touchscreen Convertible 2 in 1 Chromebook - HD - Intel N-Series N100 - 4 GB - 64 GB Flash Memory -"
"Lenovo Chromebook Duet 11M889 10.95"" MediaTek Kompanio 838","https://www.google.com/search?ibp=oshop&q=laptop&prds=catalogid:10974951334476357302,productid:18310503150386811887,headlineOfferDocid:644885957572710609,imageDocid:9337070038613666373,rds:PC_16081059516361014620|PROD_PC_16081059516361014620,gpcid:16081059516361014620,mid:576462820342616014,pvt:hg&hl=en&gl=us&udm=28",Lenovo Chromebook Duet 3 2-in-1 Tablet Laptop
"Lenovo Chromebook Duet 11M889 10.95"" MediaTek Kompanio 838","https://www.google.com/search?ibp=oshop&q=laptop&prds=catalogid:10974951334476357302,productid:18310503150386811887,headlineOfferDocid:644885957572710609,imageDocid:9337070038613666373,rds:PC_16081059516361014620|PROD_PC_16081059516361014620,gpcid:16081059516361014620,mid:576462820342616014,pvt:hg&hl=en&gl=us&udm=28",Lenovo IdeaPad Duet 3 Chromebook
"Lenovo Chromebook Duet 11M889 10.95"" MediaTek Kompanio 838","https://www.google.com/search?ibp=oshop&q=laptop&prds=catalogid:10974951334476357302,productid:18310503150386811887,headlineOfferDocid:644885957572710609,imageDocid:9337070038613666373,rds:PC_16081059516361014620|PROD_PC_16081059516361014620,gpcid:16081059516361014620,mid:576462820342616014,pvt:hg&hl=en&gl=us&udm=28",Lenovo IdeaPad 3 Chromebook 11.6 inch HD Intel Celeron N4020
"Lenovo Chromebook Duet 11M889 10.95"" MediaTek Kompanio 838","https://www.google.com/search?ibp=oshop&q=laptop&prds=catalogid:10974951334476357302,productid:18310503150386811887,headlineOfferDocid:644885957572710609,imageDocid:9337070038613666373,rds:PC_16081059516361014620|PROD_PC_16081059516361014620,gpcid:16081059516361014620,mid:576462820342616014,pvt:hg&hl=en&gl=us&udm=28",Lenovo 300e 2nd Gen Chromebook
"Lenovo Chromebook Duet 11M889 10.95"" MediaTek Kompanio 838","https://www.google.com/search?ibp=oshop&q=laptop&prds=catalogid:10974951334476357302,productid:18310503150386811887,headlineOfferDocid:644885957572710609,imageDocid:9337070038613666373,rds:PC_16081059516361014620|PROD_PC_16081059516361014620,gpcid:16081059516361014620,mid:576462820342616014,pvt:hg&hl=en&gl=us&udm=28","Lenovo Flex 3 Chromebook 11"" Mediatek Mt8183"
"Lenovo Chromebook Duet 11M889 10.95"" MediaTek Kompanio 838","https://www.google.com/search?ibp=oshop&q=laptop&prds=catalogid:10974951334476357302,productid:18310503150386811887,headlineOfferDocid:644885957572710609,imageDocid:9337070038613666373,rds:PC_16081059516361014620|PROD_PC_16081059516361014620,gpcid:16081059516361014620,mid:576462820342616014,pvt:hg&hl=en&gl=us&udm=28",Lenovo Idea Tab
"Lenovo Chromebook Duet 11M889 10.95"" MediaTek Kompanio 838","https://www.google.com/search?ibp=oshop&q=laptop&prds=catalogid:10974951334476357302,productid:18310503150386811887,headlineOfferDocid:644885957572710609,imageDocid:9337070038613666373,rds:PC_16081059516361014620|PROD_PC_16081059516361014620,gpcid:16081059516361014620,mid:576462820342616014,pvt:hg&hl=en&gl=us&udm=28",Lenovo Chromebook 2-in-1 11.6-inch Touchscreen 4GB RAM 32GB SSD Bundle
"Lenovo Chromebook Duet 11M889 10.95"" MediaTek Kompanio 838","https://www.google.com/search?ibp=oshop&q=laptop&prds=catalogid:10974951334476357302,productid:18310503150386811887,headlineOfferDocid:644885957572710609,imageDocid:9337070038613666373,rds:PC_16081059516361014620|PROD_PC_16081059516361014620,gpcid:16081059516361014620,mid:576462820342616014,pvt:hg&hl=en&gl=us&udm=28",Lenovo 300E Chromebook
"Lenovo Chromebook Duet 11M889 10.95"" MediaTek Kompanio 838","https://www.google.com/search?ibp=oshop&q=laptop&prds=catalogid:10974951334476357302,productid:18310503150386811887,headlineOfferDocid:644885957572710609,imageDocid:9337070038613666373,rds:PC_16081059516361014620|PROD_PC_16081059516361014620,gpcid:16081059516361014620,mid:576462820342616014,pvt:hg&hl=en&gl=us&udm=28",Meckior Infant Baby Slip-On Canvas Shoes
"Lenovo Chromebook Duet 11M889 10.95"" MediaTek Kompanio 838","https://www.google.com/search?ibp=oshop&q=laptop&prds=catalogid:10974951334476357302,productid:18310503150386811887,headlineOfferDocid:644885957572710609,imageDocid:9337070038613666373,rds:PC_16081059516361014620|PROD_PC_16081059516361014620,gpcid:16081059516361014620,mid:576462820342616014,pvt:hg&hl=en&gl=us&udm=28","Wi-fi Only Lenovo Chromebook Lnv Cb Duet 11M889 11"" 4GB RAM 128GB"
"Lenovo Chromebook Duet 11M889 10.95"" MediaTek Kompanio 838","https://www.google.com/search?ibp=oshop&q=laptop&prds=catalogid:10974951334476357302,productid:18310503150386811887,headlineOfferDocid:644885957572710609,imageDocid:9337070038613666373,rds:PC_16081059516361014620|PROD_PC_16081059516361014620,gpcid:16081059516361014620,mid:576462820342616014,pvt:hg&hl=en&gl=us&udm=28",Lenovo Chromebook 2nd Gen 500e
"Lenovo Chromebook Duet 11M889 10.95"" MediaTek Kompanio 838","https://www.google.com/search?ibp=oshop&q=laptop&prds=catalogid:10974951334476357302,productid:18310503150386811887,headlineOfferDocid:644885957572710609,imageDocid:9337070038613666373,rds:PC_16081059516361014620|PROD_PC_16081059516361014620,gpcid:16081059516361014620,mid:576462820342616014,pvt:hg&hl=en&gl=us&udm=28",Lenovo 500e Chromebook Celeron N3450 4GB 32gb
Asus ROG Strix G16 Laptop,"https://www.google.com/search?ibp=oshop&q=laptop&prds=catalogid:134410787128582895,productid:16275702033334869445,headlineOfferDocid:11256066612351518842,imageDocid:6273744563494316388,rds:PC_9628832459893515516|PROD_PC_9628832459893515516,gpcid:9628832459893515516,mid:576462881586004219,pvt:hg&hl=en&gl=us&udm=28",Choose what you’re giving feedback on
Asus ROG Strix G16 Laptop,"https://www.google.com/search?ibp=oshop&q=laptop&prds=catalogid:134410787128582895,productid:16275702033334869445,headlineOfferDocid:11256066612351518842,imageDocid:6273744563494316388,rds:PC_9628832459893515516|PROD_PC_9628832459893515516,gpcid:9628832459893515516,mid:576462881586004219,pvt:hg&hl=en&gl=us&udm=28",Choose what you’re giving feedback on
Asus ROG Strix G16 Laptop,"https://www.google.com/search?ibp=oshop&q=laptop&prds=catalogid:134410787128582895,productid:16275702033334869445,headlineOfferDocid:11256066612351518842,imageDocid:6273744563494316388,rds:PC_9628832459893515516|PROD_PC_9628832459893515516,gpcid:9628832459893515516,mid:576462881586004219,pvt:hg&hl=en&gl=us&udm=28",Or give general feedback
Asus ROG Strix G16 Laptop,"https://www.google.com/search?ibp=oshop&q=laptop&prds=catalogid:134410787128582895,productid:16275702033334869445,headlineOfferDocid:11256066612351518842,imageDocid:6273744563494316388,rds:PC_9628832459893515516|PROD_PC_9628832459893515516,gpcid:9628832459893515516,mid:576462881586004219,pvt:hg&hl=en&gl=us&udm=28",Asus ROG Strix G16 Laptop
Asus ROG Strix G16 Laptop,"https://www.google.com/search?ibp=oshop&q=laptop&prds=catalogid:134410787128582895,productid:16275702033334869445,headlineOfferDocid:11256066612351518842,imageDocid:6273744563494316388,rds:PC_9628832459893515516|PROD_PC_9628832459893515516,gpcid:9628832459893515516,mid:576462881586004219,pvt:hg&hl=en&gl=us&udm=28",Asus TUF Gaming A16 Gaming Laptop
Asus ROG Strix G16 Laptop,"https://www.google.com/search?ibp=oshop&q=laptop&prds=catalogid:134410787128582895,productid:16275702033334869445,headlineOfferDocid:11256066612351518842,imageDocid:6273744563494316388,rds:PC_9628832459893515516|PROD_PC_9628832459893515516,gpcid:9628832459893515516,mid:576462881586004219,pvt:hg&hl=en&gl=us&udm=28","Asus Rog Zephyrus G16 16"" 2.5K Oled 240hz Gaming Laptop Intel Core Ultra 9 285h"
Asus ROG Strix G16 Laptop,"https://www.google.com/search?ibp=oshop&q=laptop&prds=catalogid:134410787128582895,productid:16275702033334869445,headlineOfferDocid:11256066612351518842,imageDocid:6273744563494316388,rds:PC_9628832459893515516|PROD_PC_9628832459893515516,gpcid:9628832459893515516,mid:576462881586004219,pvt:hg&hl=en&gl=us&udm=28",ASUS ROG Strix G16 Gaming Laptop
Asus ROG Strix G16 Laptop,"https://www.google.com/search?ibp=oshop&q=laptop&prds=catalogid:134410787128582895,productid:16275702033334869445,headlineOfferDocid:11256066612351518842,imageDocid:6273744563494316388,rds:PC_9628832459893515516|PROD_PC_9628832459893515516,gpcid:9628832459893515516,mid:576462881586004219,pvt:hg&hl=en&gl=us&udm=28",ROG Strix G16 Gaming Laptop
Asus ROG Strix G16 Laptop,"https://www.google.com/search?ibp=oshop&q=laptop&prds=catalogid:134410787128582895,productid:16275702033334869445,headlineOfferDocid:11256066612351518842,imageDocid:6273744563494316388,rds:PC_9628832459893515516|PROD_PC_9628832459893515516,gpcid:9628832459893515516,mid:576462881586004219,pvt:hg&hl=en&gl=us&udm=28","Asus 17.3"" ROG Strix G17 Gaming Laptop AMD Ryzen 9 7945HX"
Asus ROG Strix G16 Laptop,"https://www.google.com/search?ibp=oshop&q=laptop&prds=catalogid:134410787128582895,productid:16275702033334869445,headlineOfferDocid:11256066612351518842,imageDocid:6273744563494316388,rds:PC_9628832459893515516|PROD_PC_9628832459893515516,gpcid:9628832459893515516,mid:576462881586004219,pvt:hg&hl=en&gl=us&udm=28",Asus ROG Strix G16 Gaming Laptop
Asus ROG Strix G16 Laptop,"https://www.google.com/search?ibp=oshop&q=laptop&prds=catalogid:134410787128582895,productid:16275702033334869445,headlineOfferDocid:11256066612351518842,imageDocid:6273744563494316388,rds:PC_9628832459893515516|PROD_PC_9628832459893515516,gpcid:9628832459893515516,mid:576462881586004219,pvt:hg&hl=en&gl=us&udm=28",Asus ROG Strix G16 Gaming Laptop
Asus ROG Strix G16 Laptop,"https://www.google.com/search?ibp=oshop&q=laptop&prds=catalogid:134410787128582895,productid:16275702033334869445,headlineOfferDocid:11256066612351518842,imageDocid:6273744563494316388,rds:PC_9628832459893515516|PROD_PC_9628832459893515516,gpcid:9628832459893515516,mid:576462881586004219,pvt:hg&hl=en&gl=us&udm=28",ROG Strix G16 Gaming Laptop
Asus ROG Strix G16 Laptop,"https://www.google.com/search?ibp=oshop&q=laptop&prds=catalogid:134410787128582895,productid:16275702033334869445,headlineOfferDocid:11256066612351518842,imageDocid:6273744563494316388,rds:PC_9628832459893515516|PROD_PC_9628832459893515516,gpcid:9628832459893515516,mid:576462881586004219,pvt:hg&hl=en&gl=us&udm=28",Asus ROG Strix G16 Gaming Laptop
Asus ROG Strix G16 Laptop,"https://www.google.com/search?ibp=oshop&q=laptop&prds=catalogid:134410787128582895,productid:16275702033334869445,headlineOfferDocid:11256066612351518842,imageDocid:6273744563494316388,rds:PC_9628832459893515516|PROD_PC_9628832459893515516,gpcid:9628832459893515516,mid:576462881586004219,pvt:hg&hl=en&gl=us&udm=28",Asus TUF Gaming Laptop i7-14650HX
Asus ROG Strix G16 Laptop,"https://www.google.com/search?ibp=oshop&q=laptop&prds=catalogid:134410787128582895,productid:16275702033334869445,headlineOfferDocid:11256066612351518842,imageDocid:6273744563494316388,rds:PC_9628832459893515516|PROD_PC_9628832459893515516,gpcid:9628832459893515516,mid:576462881586004219,pvt:hg&hl=en&gl=us&udm=28","ASUS ROG Strix G16 Gaming Laptop, 16"" FHD+ 165Hz, Intel Core i7-14650HX 16 Cores Processor, NVIDIA GeForce RTX 5060 8GB Graphics, 32GB DDR5 512GB PCI"
Asus ROG Strix G16 Laptop,"https://www.google.com/search?ibp=oshop&q=laptop&prds=catalogid:134410787128582895,productid:16275702033334869445,headlineOfferDocid:11256066612351518842,imageDocid:6273744563494316388,rds:PC_9628832459893515516|PROD_PC_9628832459893515516,gpcid:9628832459893515516,mid:576462881586004219,pvt:hg&hl=en&gl=us&udm=28","ASUS ROG STRIX G16 G615LP-XS97 (2025) Gaming Laptop - 2th Gen Ultra 9 275HX, 32GB, 2TB SSD, NVIDIA GeForce RTX 5070 8GB, 16"" WQXGA"
Asus ROG Strix G16 Laptop,"https://www.google.com/search?ibp=oshop&q=laptop&prds=catalogid:134410787128582895,productid:16275702033334869445,headlineOfferDocid:11256066612351518842,imageDocid:6273744563494316388,rds:PC_9628832459893515516|PROD_PC_9628832459893515516,gpcid:9628832459893515516,mid:576462881586004219,pvt:hg&hl=en&gl=us&udm=28",Asus TUF Gaming A16 Laptop
Asus ROG Strix G16 Laptop,"https://www.google.com/search?ibp=oshop&q=laptop&prds=catalogid:134410787128582895,productid:16275702033334869445,headlineOfferDocid:11256066612351518842,imageDocid:6273744563494316388,rds:PC_9628832459893515516|PROD_PC_9628832459893515516,gpcid:9628832459893515516,mid:576462881586004219,pvt:hg&hl=en&gl=us&udm=28",Asus ROG Zephyrus G16 Laptop
Asus ROG Strix G16 Laptop,"https://www.google.com/search?ibp=oshop&q=laptop&prds=catalogid:134410787128582895,productid:16275702033334869445,headlineOfferDocid:11256066612351518842,imageDocid:6273744563494316388,rds:PC_9628832459893515516|PROD_PC_9628832459893515516,gpcid:9628832459893515516,mid:576462881586004219,pvt:hg&hl=en&gl=us&udm=28","ASUS - ROG Strix G16 16"" WUXGA Gaming Laptop,Ryzen 9 9955HX,16GB DDR5,1TB SSD+1TB Dock Set,GeForce RTX 5060,Win 11 - Gray"
Asus ROG Strix G16 Laptop,"https://www.google.com/search?ibp=oshop&q=laptop&prds=catalogid:134410787128582895,productid:16275702033334869445,headlineOfferDocid:11256066612351518842,imageDocid:6273744563494316388,rds:PC_9628832459893515516|PROD_PC_9628832459893515516,gpcid:9628832459893515516,mid:576462881586004219,pvt:hg&hl=en&gl=us&udm=28","ASUS ROG Strix G16 Gaming Laptop, 16"" 2.5K 240Hz, Intel Core Ultra 9 275HX 24 Cores Processor, NVIDIA GeForce RTX 5060 8GB GDDR7, 32GB DDR5 512GB PCI"
Asus ROG Strix G16 Laptop,"https://www.google.com/search?ibp=oshop&q=laptop&prds=catalogid:134410787128582895,productid:16275702033334869445,headlineOfferDocid:11256066612351518842,imageDocid:6273744563494316388,rds:PC_9628832459893515516|PROD_PC_9628832459893515516,gpcid:9628832459893515516,mid:576462881586004219,pvt:hg&hl=en&gl=us&udm=28",Asus TUF Gaming A16 Laptop
Asus ROG Strix G16 Laptop,"https://www.google.com/search?ibp=oshop&q=laptop&prds=catalogid:134410787128582895,productid:16275702033334869445,headlineOfferDocid:11256066612351518842,imageDocid:6273744563494316388,rds:PC_9628832459893515516|PROD_PC_9628832459893515516,gpcid:9628832459893515516,mid:576462881586004219,pvt:hg&hl=en&gl=us&udm=28",Asus ROG Strix G16 Laptop
Asus ROG Strix G16 Laptop,"https://www.google.com/search?ibp=oshop&q=laptop&prds=catalogid:134410787128582895,productid:16275702033334869445,headlineOfferDocid:11256066612351518842,imageDocid:6273744563494316388,rds:PC_9628832459893515516|PROD_PC_9628832459893515516,gpcid:9628832459893515516,mid:576462881586004219,pvt:hg&hl=en&gl=us&udm=28",ASUS ROG Strix G17 2022
Asus ROG Strix G16 Laptop,"https://www.google.com/search?ibp=oshop&q=laptop&prds=catalogid:134410787128582895,productid:16275702033334869445,headlineOfferDocid:11256066612351518842,imageDocid:6273744563494316388,rds:PC_9628832459893515516|PROD_PC_9628832459893515516,gpcid:9628832459893515516,mid:576462881586004219,pvt:hg&hl=en&gl=us&udm=28","Asus 15.6"" ROG Strix G15 Gaming Laptop"
Asus ROG Strix G16 Laptop,"https://www.google.com/search?ibp=oshop&q=laptop&prds=catalogid:134410787128582895,productid:16275702033334869445,headlineOfferDocid:11256066612351518842,imageDocid:6273744563494316388,rds:PC_9628832459893515516|PROD_PC_9628832459893515516,gpcid:9628832459893515516,mid:576462881586004219,pvt:hg&hl=en&gl=us&udm=28","Asus ROG Strix G16 G614JU-N3252 - 16"" - Core i7-13650HX - 16GB Ram - 512GB SSD - RTX 4050 6GB - Includes Asus Bag and Mouse - 3 Years War..."
Asus ROG Strix G16 Laptop,"https://www.google.com/search?ibp=oshop&q=laptop&prds=catalogid:134410787128582895,productid:16275702033334869445,headlineOfferDocid:11256066612351518842,imageDocid:6273744563494316388,rds:PC_9628832459893515516|PROD_PC_9628832459893515516,gpcid:9628832459893515516,mid:576462881586004219,pvt:hg&hl=en&gl=us&udm=28","Asus ROG Strix G16 16"" FHD+ 165Hz Gaming Laptop"
Asus ROG Strix G16 Laptop,"https://www.google.com/search?ibp=oshop&q=laptop&prds=catalogid:134410787128582895,productid:16275702033334869445,headlineOfferDocid:11256066612351518842,imageDocid:6273744563494316388,rds:PC_9628832459893515516|PROD_PC_9628832459893515516,gpcid:9628832459893515516,mid:576462881586004219,pvt:hg&hl=en&gl=us&udm=28","ASUS ROG STRIX G16 G614JV Gaming Laptop - 13th Gen i7-13650HX, 16GB, 512GB SSD, NVIDA RTX 4060 8GB, 16” WUXGA"
Asus ROG Strix G16 Laptop,"https://www.google.com/search?ibp=oshop&q=laptop&prds=catalogid:134410787128582895,productid:16275702033334869445,headlineOfferDocid:11256066612351518842,imageDocid:6273744563494316388,rds:PC_9628832459893515516|PROD_PC_9628832459893515516,gpcid:9628832459893515516,mid:576462881586004219,pvt:hg&hl=en&gl=us&udm=28","Asus ROG Zephyrus G14 14"" Gaming Laptop AMD Ryzen 9 16gb Memory"
Asus ROG Strix G16 Laptop,"https://www.google.com/search?ibp=oshop&q=laptop&prds=catalogid:134410787128582895,productid:16275702033334869445,headlineOfferDocid:11256066612351518842,imageDocid:6273744563494316388,rds:PC_9628832459893515516|PROD_PC_9628832459893515516,gpcid:9628832459893515516,mid:576462881586004219,pvt:hg&hl=en&gl=us&udm=28","Asus ROG Zephyrus G14 14"" 3K 120Hz OLED Gaming"
